# Prevent git from showing duplicate names with commands like "git shortlog"
# See the manpage of git-shortlog for details.
# The syntax is:
# Name that should be used <email that should be used> Bad name <bad email>
#
# You can skip Bad name if it is the same as the one that should be used, and is unique.
#
# This file is up-to-date if the command git log --format="%aN <%aE>" | sort -u
# gives no duplicates.
Michael Hanke <michael.hanke@gmail.com> <mhanke-guest@82381867-18eb-0310-98a2-9474e637aba2>
Michael Hanke <michael.hanke@gmail.com> <michaelhanke@mvpa1.dartmouth.edu>
Yaroslav Halchenko <debian@onerussian.com> <yoh-guest@82381867-18eb-0310-98a2-9474e637aba2>
Bertrand Thirion <bertrand.thirion@inria.fr> bthirion <bertrand.thirion@inria.fr>
Stephan Gerhard <git@unidesign.ch> Stephan Gerhard <git@github.com>
Christian Haselgrove <christian.haselgrove@umassmed.edu> Christian Haselgrove <Christian.Haselgrove@umassmed.edu>
Cindee Madison <cindee@berkeley.edu> CindeeM <cindee@berkeley.edu>
Cindee Madison <cindee@berkeley.edu> cindeem <cindee@berkeley.edu>
Ian Nimmo-Smith <iannimmosmith@gmail.com> Ian Nimmo-Smith <ian.nimmo-smith@mrc-cbu.cam.ac.uk>
Jean-Baptiste Poline <jbpoline@gmail.com> jbpoline <jbpoline@gmail.com>
Félix C. Morency <felix.morency@gmail.com> Felix C. Morency <felix.c.morency@usherbrooke.ca> Félix C. Morency <felix.c.morency@usherbrooke.ca>
Félix C. Morency <felix.morency@gmail.com> Félix C. Morency <felix.c.morency@usherbrooke.ca>
Krish Subramaniam <krish.subramaniam@gmail.com> Krish Subramaniam <krish@monster.nmr.mgh.harvard.edu>
Eric Larson <larson.eric.d@gmail.com> Eric89GXL <larson.eric.d@gmail.com>
Alexandre Gramfort <alexandre.gramfort@inria.fr> Alexandre Gramfort <alexandre.gramfort@m4x.org>
Gael Varoquaux <gael.varoquaux@normalesup.org> GaelVaroquaux <gael.varoquaux@normalesup.org>
Kevin S. Hahn <kevinshahn@gmail.com> Kevin S. Hahn <kshahn@stanford.edu>
Basile Pinsard <basile.pinsard@gmail.com> bpinsard <basile.pinsard@gmail.com>
Basile Pinsard <basile.pinsard@gmail.com> bpinsard <bpinsard@imed.jussieu.fr>
Nguyen, Ly <nguyen60@seattleu.edu> lxn2 <lxn2@uw.edu>
